{"username":"admin","password":"jianci.234","token":"eyJhbGciOiJIUzM4NCIsInR5cCI6IkpXVCJ9.eyJkYXRhIjoiRUNodVBWTFZRam90MmdiOE45ZjhZblY4NTg4eTBRLWFDX1hqQTYzQjFXV0oxWXMxRUZUMFBBYm9iSiIsImlhdCI6MTY3ODQwNTA3OCwiZXhwIjoxNjc4NjY0Mjc4fQ._DjCgkpi1ErQMSsgXQoeR6wWanltLjyxJTOGSZxa8nQNKlxGUewIexzTAjGn6_h_","tokens":{"desktop":"eyJhbGciOiJIUzM4NCIsInR5cCI6IkpXVCJ9.eyJkYXRhIjoiaG1EWmZneVBUb1lUYUZYYzBiSjlVeklaUkprT1JJWnRTWXA5VHRFNlZGT1NQclBVSzk5d0N0cW8xdGdoTS1CRkM5N3hVX0NkRjFWeUszZ0Y0ODJ1VCIsImlhdCI6MTY3ODMyOTkyNiwiZXhwIjoxNjc4NTg5MTI2fQ.J-lRnjp97W4Wl1fdhhszIZhUDcBz4Q7qy93yn_DNblY7h3r375mFUnXUvfiEVMXM","mobile":"eyJhbGciOiJIUzM4NCIsInR5cCI6IkpXVCJ9.eyJkYXRhIjoiRUNodVBWTFZRam90MmdiOE45ZjhZblY4NTg4eTBRLWFDX1hqQTYzQjFXV0oxWXMxRUZUMFBBYm9iSiIsImlhdCI6MTY3ODQwNTA3OCwiZXhwIjoxNjc4NjY0Mjc4fQ._DjCgkpi1ErQMSsgXQoeR6wWanltLjyxJTOGSZxa8nQNKlxGUewIexzTAjGn6_h_"},"lastlogon":1678405078163,"retries":0,"lastip":" 113.116.131.139","lastaddr":" 广东省深圳市 | 电信","platform":"mobile","isTwoFactorChecking":false}